,,count,surf_min,surf_max,surf_mean,surf_std,price_min,price_max,price_mean,price_std,pm2_min,pm2_max,pm2_mean,pm2_std
MATADEROS,PH,61,26.0,326.0,100.44262295081967,64.62769151960262,45000.0,245000.0,119049.18032786885,46236.89046975092,500.0,2272.7272727272725,1386.5917331329242,454.35047327633026
MATADEROS,apartment,73,30.0,305.0,75.15068493150685,48.91526675230012,45000.0,1106000.0,140409.5890410959,150513.39462933128,642.8571428571429,16666.666666666668,1980.6789836987323,1840.5778454296067
MATADEROS,house,61,76.0,512.0,257.88524590163934,98.74061040409016,80000.0,680000.0,259647.54098360657,116579.57755880445,502.68817204301075,2750.0,1095.6558038662054,498.1110299243743
MATADEROS,store,7,35.0,407.0,215.71428571428572,138.305783667634,70000.0,520000.0,225571.42857142858,165565.57366697182,554.0983606557377,2000.0,1236.4051493376708,520.8669531890293
BELGRANO,PH,32,50.0,330.0,135.28125,71.76969867874254,129900.0,579000.0,291465.625,116151.33880355996,1469.3877551020407,3153.846153846154,2339.9974811410216,485.97856235815794
BELGRANO,apartment,1375,19.0,789.0,99.46109090909091,83.32320278557637,2028.2,5500000.0,306740.65861818177,368617.73048525467,32.71290322580645,10658.91472868217,2944.9254767270595,1004.3546688624755
BELGRANO,house,64,75.0,1050.0,403.921875,210.7125785791735,270000.0,3000000.0,940859.375,580706.3281897395,1000.0,6666.666666666667,2447.2558248294085,980.7529832719722
BELGRANO,store,25,12.0,700.0,123.04,157.16754881336033,28900.0,1300000.0,317060.0,337544.8509457669,1255.7077625570776,8333.333333333334,3127.635647718872,1577.8442124871056
PALERMO,PH,72,39.0,340.0,130.27777777777777,82.0369534319447,90000.0,695000.0,263395.8333333333,142225.39177647646,992.9078014184397,4768.115942028986,2233.0852426116494,671.3032972759452
PALERMO,apartment,1332,10.0,590.0,90.10885885885885,67.86629683314791,5037.6,4400000.0,316304.5393393393,361681.9483062481,129.7746835443038,44900.0,3335.8555573484227,2098.9668347881848
PALERMO,house,35,30.0,847.0,311.2,191.0743759452249,75000.0,2990000.0,725771.4285714285,562542.1424576263,1111.111111111111,9966.666666666666,2456.945498577567,1441.9430234552017
PALERMO,store,63,12.0,700.0,148.23809523809524,134.11328003626699,13000.0,2200000.0,473400.27936507936,384604.3913081593,105.55555555555556,8900.0,3928.448371256601,2028.1955947033655
FLORES,PH,59,36.0,471.0,131.77966101694915,79.53936618283079,68000.0,398000.0,162566.10169491524,73190.22721224118,594.47983014862,2277.777777777778,1382.945445210073,416.5935912022316
FLORES,apartment,732,20.0,460.0,65.98770491803279,43.8521935158706,1014.1,2809708.0,134157.43469945356,153041.27852723593,10.454639175257732,40720.40579710145,2101.932687067422,2514.0285300669493
FLORES,house,54,70.0,610.0,244.7962962962963,105.62150798604203,130000.0,690000.0,320350.0,125336.9085630731,629.6296296296297,2668.9189189189187,1397.9150406171507,441.4544126824497
FLORES,store,48,10.0,1315.0,231.10416666666666,275.2542945156452,845.1,2500000.0,594829.9666666667,559869.8505083355,14.570689655172414,15432.098765432098,3002.967373929938,2147.9457847645645
BOEDO,PH,25,29.0,380.0,164.56,98.58035504095123,63000.0,399000.0,193280.0,86735.23851353613,789.4736842105264,2172.4137931034484,1319.8635077360132,339.78181005009566
BOEDO,apartment,213,19.0,271.0,48.76525821596244,37.18714648142523,9236.9,6809000.0,330157.0464788733,531274.2368609601,318.5137931034483,206333.33333333334,9242.591668178335,16135.161488168023
BOEDO,house,25,31.0,504.0,217.68,153.2584014010325,55000.0,800000.0,392692.0,213165.3216074322,880.952380952381,20784.21052631579,4313.0143765782905,6593.033003290004
BOEDO,store,15,24.0,566.0,166.46666666666667,133.31009797544303,39000.0,650000.0,222126.66666666666,153811.73976289618,996.1685823754789,1951.219512195122,1450.128921884467,254.68436988412876
LAS CAÑITAS,PH,2,55.0,110.0,82.5,27.5,158000.0,280000.0,219000.0,61000.0,2545.4545454545455,2872.7272727272725,2709.090909090909,163.6363636363635
LAS CAÑITAS,apartment,123,17.0,334.0,97.4959349593496,67.73494180405726,50000.0,1200000.0,330535.1138211382,224242.76819410006,1491.0179640718563,6370.967741935484,3490.9723975658353,901.7694897921133
LAS CAÑITAS,house,2,200.0,408.0,304.0,104.0,820000.0,950000.0,885000.0,65000.0,2328.4313725490197,4100.0,3214.2156862745096,885.7843137254902
LAS CAÑITAS,store,1,350.0,350.0,350.0,0.0,1300000.0,1300000.0,1300000.0,0.0,3714.285714285714,3714.285714285714,3714.285714285714,0.0
PUERTO MADERO,apartment,354,26.0,600.0,147.5084745762712,87.81420542226792,169000.0,4500000.0,940424.104519774,721834.6197831491,2964.9122807017543,10869.565217391304,6045.233312478521,1371.8905101917494
PUERTO MADERO,house,3,80.0,325.0,173.0,108.37281331896236,70000.0,1490000.0,635000.0,614911.9178115404,875.0,4584.615384615385,2828.6437246963565,1520.880722769713
PUERTO MADERO,store,7,102.0,1428.0,483.42857142857144,435.9327789408615,67607.5,4600000.0,1862229.642857143,1594029.040553947,140.84895833333334,6666.666666666667,4583.64668992597,2187.4664752869967
BALVANERA,PH,26,40.0,360.0,149.15384615384616,89.62601455608242,70000.0,395000.0,181961.53846153847,88456.63029862139,467.79661016949154,1923.076923076923,1382.3133085690715,370.23579732745804
BALVANERA,apartment,373,15.0,400.0,74.70509383378015,49.32872609363317,45000.0,980000.0,136959.51742627347,94825.0037544557,828.5714285714286,13066.666666666666,1983.8749816154045,934.357838240818
BALVANERA,house,1,196.0,196.0,196.0,0.0,230000.0,230000.0,230000.0,0.0,1173.469387755102,1173.469387755102,1173.469387755102,0.0
BALVANERA,store,26,31.0,1450.0,291.5,335.58241564823936,105000.0,3000000.0,577153.8461538461,694766.1306737405,922.7467811158798,5555.555555555556,2299.1505580576127,1168.3727901681
CABALLITO,PH,56,23.0,735.0,149.05357142857142,122.32325728560038,55000.0,598000.0,220710.7142857143,114144.73531218948,643.7768240343347,3630.4347826086955,1779.3356976070713,550.3527297039714
CABALLITO,apartment,1274,0.0,360.0,69.93014128728414,41.18996065989516,1764.0,4400000.0,175167.68312401886,159473.45170418284,0.0,20000.0,2520.5374867592386,1072.5303196724487
CABALLITO,house,38,57.0,500.0,279.2631578947368,111.0188898603169,95000.0,750000.0,433678.94736842107,144727.6683217115,288.8888888888889,2884.6153846153848,1693.7445449977274,545.2065747666313
CABALLITO,store,21,30.0,600.0,257.4761904761905,206.29997092713114,57000.0,1300000.0,382067.1904761905,279161.60367678123,769.2307692307693,3977.777777777778,1808.8845656138008,687.851242580061
NUÑEZ,PH,16,41.0,420.0,137.375,92.98378554887944,83500.0,980000.0,277593.75,218481.06459356495,1300.0,2698.4126984126983,2031.4955524369752,418.3642905242491
NUÑEZ,apartment,329,10.0,684.0,95.82674772036474,94.10605032117678,22141.5,6000000.0,361581.42522796354,701534.8454602986,250.0,15735.0,3257.0952983619636,1696.6307442244417
NUÑEZ,house,24,58.0,591.0,254.95833333333334,158.91467290306736,165900.0,1300000.0,515870.8333333333,308457.7638283274,1336.7174280879865,4034.4827586206898,2196.0155136437843,599.2463471569677
NUÑEZ,store,15,27.0,1678.0,374.3333333333333,389.8388840990026,64000.0,2700000.0,745206.2799999999,656777.644116345,340.0,10000.0,2793.5487859571917,2215.4892309824154
FLORESTA,PH,45,30.0,500.0,139.0222222222222,94.7303750157112,64000.0,340000.0,163295.55555555556,67265.73489792574,560.0,2466.6666666666665,1351.907701777821,423.5766529827706
FLORESTA,apartment,183,18.0,189.0,66.1639344262295,30.112456073023974,845.1,359999.0,121996.13169398908,53693.32221093412,10.433333333333334,3023.2558139534885,1896.1117350804554,394.1775126033107
FLORESTA,house,36,75.0,800.0,284.8611111111111,160.87074742333738,75000.0,685000.0,297625.0,123358.80226891887,365.8333333333333,3266.6666666666665,1209.9590773849009,504.07624155012763
FLORESTA,store,8,24.0,680.0,140.875,207.5352003275589,46000.0,560000.0,177000.0,172540.57493818665,772.7272727272727,3000.0,1820.089338067763,733.3020965161596
BARRACAS,PH,35,34.0,762.0,161.14285714285714,142.09918927227113,67000.0,1250000.0,185942.85714285713,194815.50874860963,590.2192242833053,2132.3529411764707,1245.198564338306,380.5757726543363
BARRACAS,apartment,243,0.0,433.0,82.45679012345678,54.80891971414572,15528.6,1419000.0,169005.5497942387,123732.26257135518,0.0,29562.5,2167.968213649232,1851.9848624024753
BARRACAS,house,23,140.0,710.0,292.0,148.8573872507859,98000.0,550000.0,300869.5652173913,114794.0705739691,401.40845070422534,2117.6470588235293,1171.0304429109315,453.35456644036736
BARRACAS,store,8,35.0,855.0,285.125,264.8275087202989,43000.0,1100000.0,392750.0,295493.12597757665,646.2962962962963,5479.45205479452,2024.216691429122,1471.1262672867026
RECOLETA,PH,6,34.0,115.0,77.0,24.193663082165408,108000.0,298000.0,189666.66666666666,59742.9679729943,1732.5581395348838,3176.470588235294,2536.5128733214437,452.9993402554796
RECOLETA,apartment,938,0.0,720.0,127.75586353944563,93.0246378898165,4183.2,3200000.0,418082.1085287846,379786.6871778842,0.0,33000.0,3206.4574112322593,1453.3923266717454
RECOLETA,house,2,72.0,105.0,88.5,16.5,210000.0,425000.0,317500.0,107500.0,2916.6666666666665,4047.6190476190477,3482.142857142857,565.4761904761906
RECOLETA,store,55,15.0,967.0,179.85454545454544,199.93384525722212,39000.0,5500000.0,723067.8418181818,926749.0919362991,517.7357142857143,12035.010940919037,4283.770109332702,2636.4368106001775
CONGRESO,PH,2,60.0,75.0,67.5,7.5,90000.0,140000.0,115000.0,25000.0,1500.0,1866.6666666666667,1683.3333333333335,183.33333333333337
CONGRESO,apartment,162,20.0,325.0,74.48148148148148,50.81924178966878,1140.9,835000.0,145331.00555555554,112438.12285603544,19.015,21973.684210526317,2374.5532128215086,2755.373567569971
CONGRESO,store,10,30.0,350.0,167.6,103.34718186772197,60000.0,600000.0,275200.0,148739.23490458057,628.5714285714286,4411.764705882353,1988.4148777076261,1053.722606523592
VILLA CRESPO,PH,61,39.0,290.0,114.44262295081967,67.4064073887235,105000.0,395000.0,196601.6393442623,83736.80956425959,965.9090909090909,3500.0,1933.3543484625804,530.4965626385218
VILLA CRESPO,apartment,630,14.0,239.0,61.72222222222222,34.97033638396634,769.0,722753.0,143698.09666666668,82954.29227371323,13.345901639344262,4258.064516129032,2394.625521932694,536.5774582333297
VILLA CRESPO,house,15,38.0,450.0,226.4,96.8420019068861,75000.0,750000.0,347360.0,175425.50479714555,1013.215859030837,2186.5889212827988,1564.480163667998,416.77930355566485
VILLA CRESPO,store,61,18.0,496.0,116.44262295081967,96.21211617066824,70000.0,1450000.0,304318.0327868852,268825.2491728621,487.5,13181.818181818182,3135.0508205188576,2079.2179567744683
CHACARITA,PH,14,54.0,254.0,115.5,59.89127053013891,130000.0,390000.0,215285.7142857143,78682.3891817409,1342.857142857143,2430.5555555555557,2005.8965568089538,341.5023501100583
CHACARITA,apartment,98,23.0,202.0,56.38775510204081,29.291857422959094,50000.0,425000.0,122894.75510204081,62665.335623430336,862.0689655172414,4257.142857142857,2270.768623791857,557.2677908684329
CHACARITA,house,4,121.0,220.0,172.75,35.25177300505607,210000.0,420000.0,272250.0,85937.11363549512,1086.3636363636363,2333.3333333333335,1612.3379517096093,477.7356840749233
CHACARITA,store,4,35.0,450.0,152.5,172.57244855422317,65000.0,1500000.0,452500.0,606367.2567017451,1555.5555555555557,3333.3333333333335,2233.382936507937,673.2389388301053
ALMAGRO,PH,51,30.0,347.0,149.52941176470588,82.58313765620785,69500.0,430000.0,221225.49019607843,83413.05874896176,467.79661016949154,2738.095238095238,1718.1470543089877,563.17928144127
ALMAGRO,apartment,664,18.0,480.0,65.8960843373494,43.73898880054375,5500.0,999900.0,150172.3079819277,117486.54009921083,70.51282051282051,24387.80487804878,2590.612135558615,2980.2430613115794
ALMAGRO,house,19,31.0,1700.0,407.42105263157896,392.64277534480493,240000.0,1800000.0,517473.6842105263,331184.21784496994,555.5555555555555,23064.516129032258,2700.878588728119,4838.484096700655
ALMAGRO,store,21,12.0,590.0,132.66666666666666,155.82631764192232,40000.0,2000000.0,305095.2380952381,424103.52563202626,983.0508474576271,13698.630136986301,2854.676440716775,2582.5413514142974
CONSTITUCIÓN,PH,11,28.0,250.0,98.81818181818181,65.34081027660513,50000.0,260000.0,108863.63636363637,55507.612462817335,516.0,1785.7142857142858,1273.4690065086515,372.14560141435874
CONSTITUCIÓN,apartment,130,19.0,363.0,50.59230769230769,36.38209537540857,3549.4,360000.0,85994.06615384616,43252.451475191294,80.66818181818182,2848.3870967741937,1808.2859185794587,529.2622915936345
CONSTITUCIÓN,house,3,105.0,550.0,285.0,191.35481877043668,300000.0,479000.0,376333.3333333333,75411.46390893687,870.9090909090909,3333.3333333333335,1901.4141414141413,1044.5838955026031
CONSTITUCIÓN,store,10,22.0,1092.0,288.9,349.2644986253255,37000.0,3400000.0,581950.0,994535.0785668648,968.5863874345549,3113.5531135531137,1523.4954545450826,599.2768088794728
COLEGIALES,PH,21,51.0,361.0,144.14285714285714,75.82516589044117,130000.0,585000.0,261857.14285714287,110162.77381535868,1147.0588235294117,2843.1372549019607,1965.8132407369114,407.91992420146863
COLEGIALES,apartment,188,23.0,284.0,62.20744680851064,33.326951394117856,929.6,480000.0,145929.38563829788,70407.39302821644,19.77872340425532,4634.1463414634145,2462.1770677691434,761.762505251613
COLEGIALES,house,16,52.0,532.0,275.5625,135.38508445818542,60000.0,1200000.0,514500.0,263339.8469658551,500.0,4531.25,2030.3315194857164,881.8364112751799
COLEGIALES,store,6,25.0,231.0,68.33333333333333,73.38407335534205,65000.0,650000.0,193816.66666666666,206179.7792919783,2600.0,3161.2903225806454,2839.515614314001,181.5679191934821
VILLA URQUIZA,PH,57,26.0,236.0,113.43859649122807,46.73817236397782,59500.0,346000.0,206480.70175438595,69427.70931379036,1096.774193548387,3460.0,1926.267058171654,497.82018129893316
VILLA URQUIZA,apartment,671,23.0,300.0,58.75260804769002,28.233245376060708,2924.0,720000.0,138417.3208643815,84167.29653375772,25.649122807017545,14750.0,2382.7741417682946,988.9097584454965
VILLA URQUIZA,house,36,32.0,500.0,205.91666666666666,94.75065962831077,93000.0,850000.0,349938.8888888889,161626.2737816572,700.0,2906.25,1811.6368179836431,497.33843982081805
VILLA URQUIZA,store,10,25.0,243.0,125.5,86.35768639791134,48000.0,620000.0,279200.0,219516.19530230566,1045.4545454545455,3687.9432624113474,2354.089921616715,958.588843096696
BARRIO NORTE,PH,9,31.0,150.0,84.55555555555556,41.05852492644862,73000.0,470000.0,216777.77777777778,113220.31401728596,2076.923076923077,3333.3333333333335,2577.079487157891,459.12162443169217
BARRIO NORTE,apartment,701,0.0,720.0,101.22396576319544,77.53349869531273,819.7,3200000.0,307743.35706134094,292495.1693278001,0.0,7317.073170731707,2990.76327265445,971.5627070747304
BARRIO NORTE,house,5,350.0,650.0,450.0,104.88088481701516,890000.0,2200000.0,1448000.0,616616.5745420731,1384.6153846153845,5500.0,3472.478632478632,1734.256349936874
BARRIO NORTE,store,35,12.0,450.0,108.14285714285714,111.02332904320937,25000.0,1200000.0,357371.4285714286,275966.0523340078,970.1492537313433,15833.333333333334,4281.775604517962,3272.9165179807637
PALERMO HOLLYWOOD,PH,13,51.0,166.0,88.6923076923077,34.28474568933316,134000.0,399500.0,205153.84615384616,70587.20319178165,1428.5714285714287,3111.1111111111113,2410.4895764630587,487.7522245703633
PALERMO HOLLYWOOD,apartment,197,0.0,243.0,63.47208121827411,33.63593501145652,14546.6,820000.0,202866.69746192894,143150.895156667,0.0,6707.317073170731,3068.850879104765,1006.4807458481574
PALERMO HOLLYWOOD,house,5,220.0,1556.0,703.6,455.4543226274178,239000.0,3500000.0,1487800.0,1114394.6159238208,1086.3636363636363,2351.313969571231,1917.0769004873277,485.58375985887767
PALERMO HOLLYWOOD,store,13,35.0,1556.0,294.9230769230769,373.7215050189238,90000.0,3500000.0,810615.3846153846,867430.2932279154,1487.179487179487,4545.454545454545,3066.0334796100947,1221.5532427022922
SAAVEDRA,PH,28,10.0,300.0,90.42857142857143,55.35562209892671,84000.0,470000.0,193596.42857142858,75958.85390950089,1188.1118881118882,25000.0,3058.1874454374474,4250.4171179401865
SAAVEDRA,apartment,222,19.0,600.0,71.00450450450451,49.039834676667134,11823.5,1744000.0,173999.72252252253,146888.9472690114,305.3897959183673,35591.836734693876,2636.5105521754845,2732.4518925623
SAAVEDRA,house,27,70.0,567.0,239.2962962962963,134.56811983219305,135000.0,650000.0,366537.037037037,156177.18605184532,864.1975308641976,2555.5555555555557,1641.7955706352177,356.0079101925158
SAAVEDRA,store,8,18.0,330.0,140.875,120.11602463868007,44000.0,850000.0,359375.0,289783.0815886255,1157.8947368421052,5625.0,2691.0462589125614,1244.2079075193378
PATERNAL,PH,20,24.0,242.0,98.7,59.67755021781641,59000.0,350000.0,151495.0,70332.17951265267,650.0,2458.3333333333335,1737.3427006543911,475.22402139866665
PATERNAL,apartment,66,25.0,223.0,54.333333333333336,34.793038895094455,9290.5,375000.0,89133.28787878787,68144.83009019593,340.76969696969695,3000.0,1517.2263885255315,783.3566292989459
PATERNAL,house,10,160.0,450.0,263.7,81.43224177191733,210000.0,730000.0,382300.0,136277.69443309496,913.0434782608696,2235.294117647059,1469.6465020815606,339.0556945978568
PATERNAL,store,3,135.0,330.0,235.0,79.68688725254614,125000.0,950000.0,425000.0,372491.61064378347,606.060606060606,3958.3333333333335,1830.1066217732885,1510.5385700827367
AGRONOMÍA,PH,3,65.0,185.0,123.33333333333333,49.046463231873865,130000.0,245000.0,180000.0,48131.76359397884,1324.3243243243244,2000.0,1566.4414414414414,307.2694515685192
AGRONOMÍA,apartment,20,32.0,92.0,58.25,13.863170633011771,81000.0,209000.0,130494.0,26921.078061623015,1842.1052631578948,2638.2978723404253,2272.1727572341306,237.55399067087222
AGRONOMÍA,house,1,494.0,494.0,494.0,0.0,425000.0,425000.0,425000.0,0.0,860.3238866396761,860.3238866396761,860.3238866396761,0.0
AGRONOMÍA,store,1,350.0,350.0,350.0,0.0,420000.0,420000.0,420000.0,0.0,1200.0,1200.0,1200.0,0.0
VILLA PUEYRREDÓN,PH,18,33.0,500.0,133.94444444444446,104.40331637039027,929.6,700000.0,209107.2,150497.89302752528,18.227450980392156,2357.1428571428573,1629.868707909457,499.7396813396079
VILLA PUEYRREDÓN,apartment,46,20.0,183.0,58.97826086956522,27.433309751685943,8274.4,325000.0,128151.61739130436,58309.4838760546,413.71999999999997,3149.122807017544,2211.205847812272,538.1225533194815
VILLA PUEYRREDÓN,house,20,70.0,400.0,207.0,85.17335264036517,130000.0,485000.0,286050.0,91970.36207387682,903.2258064516129,2257.1428571428573,1495.4683933185106,372.50918228378424
COGHLAN,PH,14,39.0,276.0,89.0,62.348101128147555,110000.0,350000.0,181350.0,64922.753550441994,1268.1159420289855,3205.128205128205,2403.383715855152,632.1787397591808
COGHLAN,apartment,143,14.0,228.0,58.74125874125874,32.639740093643596,22405.1,388692.0,142853.28041958043,63568.94698023541,320.0728571428571,12714.285714285714,2611.7558372752087,1022.4379004585602
COGHLAN,house,9,106.0,588.0,283.8888888888889,130.29406436932015,270000.0,640000.0,474333.3333333333,137162.51512550926,848.6394557823129,2583.3333333333335,1870.0363511614587,587.3722586173444
COGHLAN,store,3,32.0,376.0,196.0,140.8923939276591,80000.0,850000.0,430000.0,318224.2395963367,2000.0,2500.0,2253.54609929078,204.18573972495437
PARQUE CENTENARIO,PH,6,60.0,280.0,149.16666666666666,94.13716351981058,155000.0,295000.0,221666.66666666666,57348.835113617504,1053.5714285714287,2583.3333333333335,1861.721611721612,601.3139120426686
PARQUE CENTENARIO,apartment,54,29.0,247.0,86.27777777777777,50.93184140727491,68000.0,595000.0,192153.7037037037,109109.51126847531,868.8524590163935,3453.4883720930234,2284.253062079947,407.3433403051907
PARQUE CENTENARIO,store,1,26.0,26.0,26.0,0.0,98000.0,98000.0,98000.0,0.0,3769.230769230769,3769.230769230769,3769.230769230769,0.0
SAN TELMO,PH,24,40.0,1183.0,203.29166666666666,231.1144159586089,49000.0,1290000.0,265041.6666666667,258008.95965816552,846.1538461538462,1973.6842105263158,1442.2162829535355,297.1329935724568
SAN TELMO,apartment,503,13.0,200000.0,457.44930417495027,8906.18362578815,6962.7,46545445.0,207329.3787276342,2072679.836475709,30.23710144927536,5989.583333333333,1937.1905455917552,971.8893859063452
SAN TELMO,house,10,126.0,478.0,304.2,105.77126263782615,210000.0,960000.0,473000.0,202770.80657727827,1075.0,7619.047619047619,1930.0808845774634,1903.0846675219068
SAN TELMO,store,36,35.0,5079.0,570.75,1018.0472422731668,50000.0,4300000.0,637645.7222222222,933581.3671325843,490.90909090909093,2658.227848101266,1488.6266078332933,560.3724435754015
MONSERRAT,PH,13,33.0,196.0,117.92307692307692,56.18439632613796,57000.0,218000.0,144384.61538461538,44699.91991309029,946.7455621301775,1945.945945945946,1397.9652111149674,411.22580301385335
MONSERRAT,apartment,217,24.0,639.0,74.25345622119816,84.71940838000052,802.8,610000.0,126615.40230414747,72470.88630197616,22.299999999999997,5162.452380952381,2065.1011104369727,618.1547598116922
MONSERRAT,house,4,82.0,950.0,427.75,320.19866879798235,159800.0,980000.0,479950.0,303614.89999668987,1031.578947368421,1948.780487804878,1325.1114116503925,372.76828103568266
MONSERRAT,store,31,30.0,894.0,311.3225806451613,252.7828836458434,30000.0,1400000.0,540645.1612903225,409266.8936263015,689.8148148148148,4218.75,2009.951137866569,964.809016895406
BOCA,PH,8,57.0,274.0,126.625,66.45287333893096,85000.0,390000.0,153875.0,95586.92052263218,956.5217391304348,1491.2280701754387,1216.9767563465473,204.1570914009813
BOCA,apartment,67,23.0,291.0,62.417910447761194,39.1785614745598,10141.1,851800.0,115215.55373134327,121141.66575959713,215.76808510638298,21956.7,2130.5883889308766,3008.106820488769
BOCA,house,14,168.0,1038.0,430.7857142857143,212.99871849763008,100000.0,410000.0,241928.57142857142,99730.68326083737,214.59227467811158,1423.3576642335765,678.9667261172261,387.6648283581634
BOCA,store,4,45.0,7722.0,2035.5,3284.704743199912,50000.0,8000000.0,2070000.0,3423937.791490961,521.1726384364821,1111.111111111111,924.4241375636278,235.0189374063726
PARQUE AVELLANEDA,PH,10,40.0,300.0,126.6,91.31067845547967,55000.0,170000.0,114650.0,41081.656490458125,566.6666666666666,1625.0,1162.44363526016,389.88959231503793
PARQUE AVELLANEDA,apartment,15,39.0,140.0,64.66666666666667,24.22303770288845,9500.0,200000.0,104826.66666666667,41020.57153293807,211.11111111111111,2407.4074074074074,1651.2427727584466,534.9659049079096
PARQUE AVELLANEDA,house,6,161.0,447.0,248.16666666666666,92.86265246169862,160000.0,470000.0,269666.6666666667,107612.98971571952,837.696335078534,1428.5714285714287,1088.4778363510393,202.91059887490212
SAN CRISTOBAL,PH,21,48.0,430.0,177.8095238095238,128.63000429345848,62500.0,380000.0,183690.47619047618,85361.0645310172,662.7906976744187,2000.0,1292.628269111094,440.3300952621684
SAN CRISTOBAL,apartment,165,22.0,360.0,60.0,40.12616466732263,6737.5,988000.0,143460.0575757576,179320.3866958079,168.4375,25196.842105263157,2937.632483582033,4681.407175055955
SAN CRISTOBAL,house,8,229.0,1200.0,457.75,307.77376025255955,264000.0,1500000.0,534250.0,382808.2907931854,833.3333333333334,2384.6153846153848,1234.4310334301522,469.711636716905
SAN CRISTOBAL,store,15,31.0,1500.0,275.6,356.5489774677995,11831.3,1600000.0,310055.42,366121.43045616656,107.55727272727272,3000.0,1484.2327632054519,808.8886582124082
ABASTO,PH,10,50.0,200.0,116.1,47.7900617283552,67500.0,254900.0,166010.0,56707.80281407489,914.8936170212766,2400.0,1555.1902774530433,526.6377753491975
ABASTO,apartment,41,24.0,219.0,64.85365853658537,38.37400096458205,38000.0,440000.0,133624.9756097561,73693.73854875384,1000.0,2857.1428571428573,2118.547611931807,443.861879085999
ABASTO,house,2,260.0,400.0,330.0,70.0,420000.0,490000.0,455000.0,35000.0,1225.0,1615.3846153846155,1420.1923076923076,195.19230769230774
ABASTO,store,6,44.0,620.0,215.5,188.75358716238128,125000.0,1160000.0,420833.3333333333,345306.82813340885,1428.5714285714287,2840.909090909091,2110.341975178196,500.4192754037286
VERSALLES,PH,3,71.0,150.0,113.66666666666667,32.561053764001905,120000.0,170000.0,153000.0,23338.094752285728,1133.3333333333333,1690.1408450704225,1410.602503912363,227.3213776910709
VERSALLES,apartment,9,36.0,182.0,82.88888888888889,45.84380351789819,68000.0,295000.0,146888.88888888888,70675.2265954697,1566.6666666666667,2500.0,1838.474552529717,293.26052519676637
VERSALLES,house,14,68.0,625.0,239.28571428571428,148.42190277883446,115000.0,550000.0,299000.0,130096.11831257687,720.0,1987.179487179487,1380.2692650164045,313.9262656701444
VILLA DEL PARQUE,PH,29,39.0,254.0,118.58620689655173,60.802403106648676,79900.0,330000.0,182748.27586206896,68871.4475681381,1000.0,3205.128205128205,1680.5391157178778,459.1921181237632
VILLA DEL PARQUE,apartment,151,27.0,561.0,67.9271523178808,51.657827258376535,10901.7,655000.0,138348.54105960263,76915.26266692729,272.5425,4237.28813559322,2120.2900230274586,447.48600736579476
VILLA DEL PARQUE,house,27,78.0,552.0,283.2962962962963,132.62138110811287,164000.0,590000.0,355888.8888888889,107101.31352147224,632.2463768115942,2543.103448275862,1421.4208451652657,452.2754193461876
VILLA DEL PARQUE,store,8,38.0,561.0,272.5,180.01944339431782,3371.9,630000.0,303421.4875,214883.85732062004,13.706910569105691,3289.4736842105262,1524.6123559538764,998.1273287255664
MONTE CASTRO,PH,12,61.0,165.0,99.16666666666667,35.57113374009262,105000.0,235000.0,148991.66666666666,42337.24637426902,1065.3846153846155,2335.714285714286,1580.9772462906649,387.6975777621151
MONTE CASTRO,apartment,28,34.0,289.0,70.57142857142857,52.58491674793976,60000.0,245000.0,126542.85714285714,47445.31761159689,847.7508650519031,3555.5555555555557,2044.8711938740284,529.1815697040886
MONTE CASTRO,house,4,78.0,200.0,157.0,46.87216658103186,218000.0,260000.0,237000.0,18357.559750685818,1090.0,2820.5128205128203,1707.203368526898,662.0671975597737
MONTE CASTRO,store,1,755.0,755.0,755.0,0.0,770000.0,770000.0,770000.0,0.0,1019.8675496688742,1019.8675496688742,1019.8675496688742,0.0
RETIRO,apartment,129,22.0,500.0,127.93798449612403,93.5862369741219,16056.8,2200000.0,386972.95968992246,379021.0748812031,169.01894736842104,6646.525679758308,2818.150501480864,931.7830541321658
RETIRO,house,1,380.0,380.0,380.0,0.0,980000.0,980000.0,980000.0,0.0,2578.9473684210525,2578.9473684210525,2578.9473684210525,0.0
RETIRO,store,11,13.0,700.0,218.72727272727272,189.5708507076352,43500.0,1700000.0,485863.63636363635,582107.0696150905,568.8622754491018,5704.697986577181,2386.442594383971,1517.1768634237374
CAPITAL FEDERAL,PH,16,48.0,375.0,168.4375,100.4850540814404,85000.0,350000.0,184618.75,74338.19861576887,450.2369668246445,2284.285714285714,1306.7487739211174,505.67831497815865
CAPITAL FEDERAL,apartment,153,20.0,500.0,67.77124183006536,53.74029740450386,8865.0,2300000.0,148441.95947712418,197851.9725926958,211.07142857142858,4600.0,2135.477669808169,692.2363258266951
CAPITAL FEDERAL,house,66,103.0,2699.0,778.969696969697,672.5259253693106,95000.0,2200000.0,586665.1515151515,427547.658336728,350.14005602240894,2215.568862275449,1021.5066083950949,479.39582670890826
CAPITAL FEDERAL,store,25,16.0,4800.0,322.04,925.6479019584067,30000.0,6500000.0,553480.0,1243457.7956649754,521.091811414392,6857.142857142857,2996.308341657215,1775.2908285039139
PARQUE CHAS,PH,1,150.0,150.0,150.0,0.0,270000.0,270000.0,270000.0,0.0,1800.0,1800.0,1800.0,0.0
PARQUE CHAS,apartment,10,42.0,76.0,62.3,11.153923076657827,76000.0,164220.0,131136.0,22769.350978892657,1809.5238095238096,2443.75,2111.523411654135,181.5180233843092
PARQUE CHAS,house,2,42.0,140.0,91.0,49.0,95000.0,310000.0,202500.0,107500.0,2214.285714285714,2261.904761904762,2238.095238095238,23.809523809523853
PARQUE CHAS,store,2,150.0,210.0,180.0,30.0,205000.0,338000.0,271500.0,66500.0,1366.6666666666667,1609.5238095238096,1488.095238095238,121.42857142857144
PALERMO CHICO,PH,1,348.0,348.0,348.0,0.0,695000.0,695000.0,695000.0,0.0,1997.1264367816093,1997.1264367816093,1997.1264367816093,0.0
PALERMO CHICO,apartment,134,22.0,587.0,175.48507462686567,117.56038366339224,82500.0,8500000.0,937811.932835821,1193408.2369306963,2322.5806451612902,20731.70731707317,4769.882630148559,2651.6069727532995
PALERMO CHICO,house,10,326.0,1000.0,563.3,237.1362688413563,1440000.0,6200000.0,3394000.0,1470076.188501807,4417.17791411043,12121.212121212122,6183.271851940435,2032.493467084286
PALERMO CHICO,store,1,41.0,41.0,41.0,0.0,350000.0,350000.0,350000.0,0.0,8536.585365853658,8536.585365853658,8536.585365853658,0.0
VILLA DEVOTO,PH,37,36.0,360.0,128.64864864864865,73.31723598696587,69000.0,460000.0,193270.27027027027,91711.25329537284,850.0,2750.0,1653.7065744351178,466.311436862549
VILLA DEVOTO,apartment,161,27.0,405.0,73.29813664596273,54.51854146056678,10901.7,840000.0,173405.47639751554,140007.94747793264,272.5425,17021.27659574468,2388.006759171479,1248.725632736146
VILLA DEVOTO,house,40,60.0,614.0,278.025,161.16272638237416,122000.0,1590000.0,468875.0,302964.28729307355,888.8888888888889,2909.090909090909,1779.4696692872633,533.6961247345691
VILLA DEVOTO,store,7,25.0,790.0,285.42857142857144,252.0611360891056,65000.0,1800000.0,559714.2857142857,577053.281591846,1035.2422907488988,3750.0,2190.0275806153236,967.6405339029002
PALERMO SOHO,PH,2,64.0,105.0,84.5,20.5,172000.0,350000.0,261000.0,89000.0,2687.5,3333.3333333333335,3010.416666666667,322.91666666666674
PALERMO SOHO,apartment,125,0.0,285.0,63.608,43.81541208296459,769.0,1200000.0,200949.792,157963.3423464214,0.0,9045.454545454546,3178.7842114364203,1104.1903409230013
PALERMO SOHO,house,3,220.0,475.0,381.6666666666667,114.77030200457878,490000.0,1300000.0,906666.6666666666,331092.4677823738,2066.6666666666665,2736.842105263158,2343.5938330675176,285.69415974020416
PALERMO SOHO,store,5,90.0,415.0,193.4,119.156367853338,343000.0,1190000.0,606600.0,298171.4942780413,2227.2727272727275,5444.444444444444,3536.799158880928,1180.0451624259715
CENTRO / MICROCENTRO,apartment,143,19.0,666.0,68.5104895104895,74.00282239305473,1335.2,1500000.0,148058.61678321677,168072.9792356164,24.725925925925928,31250.0,2508.0514042580667,2534.421536371675
CENTRO / MICROCENTRO,house,1,600.0,600.0,600.0,0.0,820000.0,820000.0,820000.0,0.0,1366.6666666666667,1366.6666666666667,1366.6666666666667,0.0
CENTRO / MICROCENTRO,store,46,18.0,2500.0,260.4782608695652,380.9478304537384,2197.2,3000000.0,493328.2,501702.79708181124,6.01972602739726,9615.384615384615,2783.891698930009,1948.4854115506796
LINIERS,PH,41,40.0,280.0,116.46341463414635,60.36801671414102,65000.0,260000.0,148973.17073170733,43477.15421605867,714.2857142857143,2264.1509433962265,1468.0856382428628,437.69190006749227
LINIERS,apartment,103,24.0,339.0,73.3883495145631,50.36743303830493,5459.3,350000.0,136237.46893203884,72121.12694469777,227.47083333333333,4160.0,1970.854957699216,506.59538039816607
LINIERS,house,21,76.0,480.0,222.9047619047619,109.87347908342437,160000.0,550000.0,264142.85714285716,105329.54440787289,696.594427244582,2105.2631578947367,1301.7384356516486,345.43971015525415
LINIERS,store,8,16.0,500.0,144.0,181.40906813056506,4648.0,630000.0,203018.5,241192.28925434162,116.2,3437.5,1832.1273391812865,1102.1400373026936
TRIBUNALES,apartment,51,23.0,216.0,67.6470588235294,45.049786632826645,63000.0,300000.0,132507.23529411765,67419.29866887863,1000.0,5162.452380952381,2207.6165061656966,769.5125460148566
TRIBUNALES,store,14,27.0,500.0,194.57142857142858,138.3740862846149,30000.0,1900000.0,440350.0,469258.8605602303,1098.901098901099,4260.089686098655,1908.6560495241906,816.6461073536295
ONCE,PH,1,85.0,85.0,85.0,0.0,125000.0,125000.0,125000.0,0.0,1470.5882352941176,1470.5882352941176,1470.5882352941176,0.0
ONCE,apartment,92,15.0,368.0,76.1413043478261,52.06488041099989,1098.6,500000.0,132444.09347826085,82059.48076325066,73.24,8000.0,1857.3844389871308,805.1895639240089
ONCE,store,11,50.0,2750.0,614.2727272727273,741.8149843959612,155000.0,3100000.0,1222727.2727272727,1053158.3745968463,625.0,22000.0,4520.72342720273,5936.405727281203
SAN NICOLÁS,PH,4,40.0,200.0,96.75,63.966299721024974,110000.0,420000.0,203750.0,126559.02773014654,1650.0,2750.0,2263.297872340426,425.35800967721246
SAN NICOLÁS,apartment,102,23.0,320.0,76.16666666666667,55.75807043200701,52000.0,450000.0,147266.92156862744,87326.69943218591,1121.9512195121952,4583.333333333333,2164.4534477474517,598.0161344219977
SAN NICOLÁS,house,1,1159.0,1159.0,1159.0,0.0,350000.0,350000.0,350000.0,0.0,301.98446937014666,301.98446937014666,301.98446937014666,0.0
SAN NICOLÁS,store,11,29.0,642.0,223.27272727272728,200.68523110451122,50000.0,1400000.0,572727.2727272727,449587.5060762195,1200.0,6357.142857142857,3015.0197044711836,1580.3957649060794
PARQUE CHACABUCO,PH,18,39.0,203.0,108.0,47.859748803723946,76000.0,250000.0,134000.0,45220.447685630985,517.2413793103449,2209.3023255813955,1384.3895391073706,412.53749104276477
PARQUE CHACABUCO,apartment,50,35.0,239.0,72.74,39.48357126704726,752.1,510000.0,140190.334,94534.89955454675,13.194736842105264,3437.5,1944.6517729382033,670.9464898453236
PARQUE CHACABUCO,house,19,117.0,611.0,303.4736842105263,146.07329393909097,120000.0,900000.0,344573.6842105263,179434.3094637767,441.1764705882353,2564.102564102564,1296.1178522880944,671.0159937198173
PARQUE CHACABUCO,store,2,346.0,555.0,450.5,104.5,250000.0,365000.0,307500.0,57500.0,657.6576576576576,722.543352601156,690.1005051294069,32.44284747174919
VELEZ SARSFIELD,PH,11,30.0,417.0,141.63636363636363,105.29290119149682,69900.0,365000.0,154400.0,87290.6847055494,777.0700636942676,2330.0,1303.0266665287018,488.88558008823196
VELEZ SARSFIELD,apartment,8,24.0,76.0,47.0,17.81852968120546,52000.0,172999.0,108062.375,43376.38884790175,1580.0,3555.5555555555557,2336.0421579516974,627.167111020628
VELEZ SARSFIELD,house,5,220.0,475.0,308.6,91.26357433280816,233500.0,439000.0,338500.0,74942.64473582448,924.2105263157895,1291.390728476821,1120.6815785198498,138.97804088401386
CATALINAS,apartment,1,300.0,300.0,300.0,0.0,550000.0,550000.0,550000.0,0.0,1833.3333333333333,1833.3333333333333,1833.3333333333333,0.0
POMPEYA,PH,6,82.0,176.0,142.83333333333334,33.1582903995701,112000.0,180000.0,142666.66666666666,27408.43341422895,704.4025157232704,1585.3658536585365,1043.5561627090065,265.42922060071396
POMPEYA,apartment,8,36.0,163.0,82.375,48.09609521572411,48500.0,160000.0,96125.0,42571.08026583305,970.0,2156.8627450980393,1286.7837626080363,436.70515948508654
POMPEYA,house,9,66.0,400.0,236.44444444444446,114.42912518829297,147000.0,229000.0,187333.33333333334,27884.6831711525,495.0,2227.2727272727275,1015.0613838186938,539.2141666788508
POMPEYA,store,4,120.0,3250.0,1005.0,1301.8544465492294,125000.0,1500000.0,600000.0,548623.2769396501,461.53846153846155,1300.0,938.301282051282,303.7062776464359
PARQUE PATRICIOS,PH,24,45.0,340.0,121.375,69.06326357043953,57000.0,400000.0,154812.5,78665.53837026308,517.6470588235294,2050.0,1361.961028821246,359.4134490188547
PARQUE PATRICIOS,apartment,85,25.0,211.0,72.8,35.96167895053256,1512.7,385000.0,131478.39529411765,70422.5180812817,18.447560975609758,2722.222222222222,1852.75083248256,534.2334062510198
PARQUE PATRICIOS,house,14,115.0,600.0,286.2142857142857,144.63855372786952,180000.0,740000.0,358571.4285714286,177496.76628270253,614.2857142857143,2217.391304347826,1339.2243909399128,410.53995748082644
PARQUE PATRICIOS,store,17,46.0,2700.0,420.88235294117646,653.3587324112176,11111.0,5000000.0,675653.5882352941,1126350.5969254165,129.19767441860466,4609.929078014185,2068.8547371335003,1295.4175639581695
PALERMO VIEJO,PH,2,120.0,143.0,131.5,11.5,179000.0,330000.0,254500.0,75500.0,1491.6666666666667,2307.6923076923076,1899.6794871794873,408.01282051282044
PALERMO VIEJO,apartment,5,30.0,119.0,87.2,39.407613477601,75000.0,390000.0,271600.0,145506.83832727588,2306.122448979592,3277.3109243697477,2927.6110444177666,432.6590569219737
PALERMO VIEJO,house,2,93.0,122.0,107.5,14.5,205000.0,280000.0,242500.0,37500.0,2204.3010752688174,2295.0819672131147,2249.691521240966,45.39044597214866
PALERMO VIEJO,store,1,42.0,42.0,42.0,0.0,139000.0,139000.0,139000.0,0.0,3309.5238095238096,3309.5238095238096,3309.5238095238096,0.0
VILLA LUGANO,PH,25,52.0,301.0,128.92,73.86686401899028,10014.4,235000.0,124760.576,56184.43026713561,192.58461538461538,1928.5714285714287,1041.9251321045713,357.83789560512656
VILLA LUGANO,apartment,45,29.0,340.0,75.26666666666667,49.37628760627695,24300.0,350000.0,84988.88888888889,49351.466137051524,367.6470588235294,2413.793103448276,1233.0349600023278,468.84436745136
VILLA LUGANO,house,30,64.0,723.0,250.3,148.88746309433398,95000.0,370000.0,205000.0,77476.0177947559,500.0,1562.5,950.9822908691652,320.07823487725426
VILLA LUGANO,store,3,23.0,187.0,93.33333333333333,68.95570236672881,80000.0,150000.0,103333.33333333333,32998.316455372216,802.1390374331551,3478.2608695652175,1807.7523499518384,1189.3895471814074
VILLA LURO,PH,23,32.0,460.0,122.21739130434783,85.84716273538949,65000.0,345000.0,161695.65217391305,63685.66474599984,750.0,2595.2380952380954,1526.2619803092084,455.3691930305618
VILLA LURO,apartment,198,24.0,195.0,63.64646464646464,27.121430317200645,7592.5,350000.0,132961.09595959596,55001.52089855632,216.92857142857142,3265.3061224489797,2119.0657902308394,444.214588671567
VILLA LURO,house,12,76.0,560.0,266.25,119.86111754860289,160000.0,1020000.0,341108.3333333333,227174.95995499936,562.5,2105.2631578947367,1311.4243871081512,426.0032638453476
VILLA LURO,store,4,21.0,4800.0,1497.75,1942.6992014977511,46000.0,4000000.0,2045250.0,1930456.6007812764,833.3333333333334,3950.0,2015.5112044817927,1227.8278359855935
VILLA GENERAL MITRE,PH,6,54.0,259.0,116.33333333333333,72.43080989621905,102000.0,270000.0,175333.33333333334,69307.68756462414,1042.4710424710424,2080.6451612903224,1706.4870250922042,380.6494912107957
VILLA GENERAL MITRE,apartment,23,24.0,190.0,61.26086956521739,38.136160395071755,54300.0,375000.0,118752.17391304347,70271.42328184845,1590.909090909091,2500.0,1994.1067982141692,251.5814954577522
VILLA GENERAL MITRE,house,10,116.0,540.0,296.8,114.35103847364046,250000.0,565000.0,364900.0,99323.15943424273,518.5185185185185,2586.206896551724,1412.3767349934612,574.22988679805
VILLA ORTUZAR,PH,4,85.0,228.0,170.5,53.59337645642417,160000.0,360000.0,251250.0,73004.70875224419,1100.0,1882.3529411764705,1532.3369117189075,279.6757923379684
VILLA ORTUZAR,apartment,52,11.0,188.0,54.53846153846154,27.83637737431801,74000.0,520000.0,131005.76923076923,67074.4317142747,1118.881118881119,7636.363636363636,2536.9841288032453,844.7458542358113
VILLA ORTUZAR,house,2,182.0,1150.0,666.0,484.0,250000.0,2500000.0,1375000.0,1125000.0,1373.6263736263736,2173.913043478261,1773.7697085523173,400.1433349259437
VILLA ORTUZAR,store,4,180.0,750.0,386.5,223.55032990358123,280000.0,1600000.0,655000.0,546877.4999942858,979.3814432989691,2133.3333333333335,1561.8044251522279,408.10377098009104
VILLA SANTA RITA,PH,7,52.0,254.0,133.57142857142858,81.24716635561099,125000.0,295000.0,195142.85714285713,67157.44522373965,1161.4173228346456,2403.846153846154,1752.3072604518122,540.3676490257991
VILLA SANTA RITA,apartment,13,34.0,190.0,59.15384615384615,40.43579174985782,60000.0,375000.0,120615.38461538461,79682.82168074821,1333.3333333333333,2352.9411764705883,2062.1260326997776,293.8983977784397
VILLA SANTA RITA,house,6,133.0,441.0,274.6666666666667,103.4628220935209,287000.0,650000.0,427000.0,123639.26021562352,1250.0,2157.8947368421054,1637.4790815483066,297.04502084037796
VILLA SOLDATI,PH,1,138.0,138.0,138.0,0.0,100000.0,100000.0,100000.0,0.0,724.6376811594203,724.6376811594203,724.6376811594203,0.0
VILLA SOLDATI,apartment,3,50.0,88.0,75.33333333333333,17.9133717900592,69000.0,86000.0,74666.66666666667,8013.876853447538,784.0909090909091,1720.0,1096.060606060606,441.19177650397006
VILLA SOLDATI,house,1,595.0,595.0,595.0,0.0,240000.0,240000.0,240000.0,0.0,403.3613445378151,403.3613445378151,403.3613445378151,0.0
VILLA SOLDATI,store,2,8053.0,10958.0,9505.5,1452.5,111111.0,8500000.0,4305555.5,4194444.5,13.797466782565504,775.6889943420332,394.74323056229935,380.94576377973385
VILLA REAL,PH,18,50.0,240.0,114.61111111111111,45.82592532725079,80000.0,255000.0,158555.55555555556,42894.21383178521,541.6666666666666,2732.1428571428573,1528.5056617191537,505.2783925862884
VILLA REAL,apartment,4,40.0,200.0,105.5,58.504273348192264,79000.0,220000.0,157250.0,50942.98283375248,1100.0,1975.0,1675.060562015504,338.6429274635787
VILLA REAL,house,4,225.0,375.0,287.5,58.21726548026796,230000.0,350000.0,290000.0,47434.16490252569,933.3333333333334,1056.9105691056911,1016.2744259021538,49.71855747501682
VILLA REAL,store,1,520.0,520.0,520.0,0.0,700000.0,700000.0,700000.0,0.0,1346.1538461538462,1346.1538461538462,1346.1538461538462,0.0
VILLA RIACHUELO,PH,1,122.0,122.0,122.0,0.0,150000.0,150000.0,150000.0,0.0,1229.5081967213114,1229.5081967213114,1229.5081967213114,0.0
VILLA RIACHUELO,house,2,150.0,260.0,205.0,55.0,200000.0,200000.0,200000.0,0.0,769.2307692307693,1333.3333333333333,1051.2820512820513,282.051282051282
